{"train/learning_rate":2.25e-05,"_timestamp":1.7626642072095792e+09,"train_samples_per_second":26.441,"train_steps_per_second":0.452,"total_flos":3.44751756804096e+15,"train/grad_norm":0.6402796506881714,"train/epoch":3,"_wandb":{"runtime":26},"train_runtime":26.5496,"_runtime":26,"train/train_tokens_per_second":1549.718,"train_loss":5.34835418065389,"train/num_input_tokens_seen":40976,"train/global_step":12,"_step":1,"train/loss":5.4648}