{"train_runtime":40.9279,"train_steps_per_second":2.199,"train/learning_rate":1.522932452260595e-08,"train/train_tokens_per_second":797.033,"train/global_step":90,"train_loss":3.118313185373942,"train/num_input_tokens_seen":32104,"_runtime":40,"_timestamp":1.7626637626412137e+09,"total_flos":2.701071470297088e+15,"train/epoch":3,"train/loss":2.771,"train/grad_norm":0.38350555300712585,"_step":18,"train_samples_per_second":17.152,"_wandb":{"runtime":40}}