{"train/num_input_tokens_seen":717568,"total_flos":6.037261447593984e+16,"train_steps_per_second":0.3,"train/train_tokens_per_second":10857.566,"_wandb":{"runtime":66},"train/loss":3.5562,"train_runtime":66.738,"train/grad_norm":0.2191193848848343,"_timestamp":1.7626621114525263e+09,"train/learning_rate":3.077914851215585e-07,"_runtime":66,"train/global_step":20,"_step":4,"train_loss":3.96182861328125,"train_samples_per_second":70.125,"train/epoch":20}